Album,File,Path
Arctic Monkeys - AM,R U Mine.flac,/home/tushar/Documents/SoulSeek/SeekShare/Music/Arctic Monkeys - AM/R U Mine.flac
Arctic Monkeys - AM,I Want It All.flac,/home/tushar/Documents/SoulSeek/SeekShare/Music/Arctic Monkeys - AM/I Want It All.flac
Arctic Monkeys - AM,No.1 Party Anthem.flac,/home/tushar/Documents/SoulSeek/SeekShare/Music/Arctic Monkeys - AM/No.1 Party Anthem.flac
Arctic Monkeys - AM,I Wanna Be Yours.flac,/home/tushar/Documents/SoulSeek/SeekShare/Music/Arctic Monkeys - AM/I Wanna Be Yours.flac
Arctic Monkeys - AM,Why'd You Only Call Me When You're High.flac,/home/tushar/Documents/SoulSeek/SeekShare/Music/Arctic Monkeys - AM/Why'd You Only Call Me When You're High.flac
Arctic Monkeys - AM,Mad Sounds.flac,/home/tushar/Documents/SoulSeek/SeekShare/Music/Arctic Monkeys - AM/Mad Sounds.flac
Arctic Monkeys - AM,Snap Out Of It.flac,/home/tushar/Documents/SoulSeek/SeekShare/Music/Arctic Monkeys - AM/Snap Out Of It.flac
Arctic Monkeys - AM,One For The Road.flac,/home/tushar/Documents/SoulSeek/SeekShare/Music/Arctic Monkeys - AM/One For The Road.flac
Arctic Monkeys - AM,Knee Socks.flac,/home/tushar/Documents/SoulSeek/SeekShare/Music/Arctic Monkeys - AM/Knee Socks.flac
Arctic Monkeys - AM,Fireside.flac,/home/tushar/Documents/SoulSeek/SeekShare/Music/Arctic Monkeys - AM/Fireside.flac
Arctic Monkeys - AM,Do I Wanna Know.flac,/home/tushar/Documents/SoulSeek/SeekShare/Music/Arctic Monkeys - AM/Do I Wanna Know.flac
Arctic Monkeys - AM,2013.flac,/home/tushar/Documents/SoulSeek/SeekShare/Music/Arctic Monkeys - AM/2013.flac
Arctic Monkeys - AM,Arabella.flac,/home/tushar/Documents/SoulSeek/SeekShare/Music/Arctic Monkeys - AM/Arabella.flac
Kendrick Lamar - To Pimp a Butterfly (2015),06 - u.flac,/home/tushar/Documents/SoulSeek/SeekShare/Music/Kendrick Lamar - To Pimp a Butterfly (2015)/06 - u.flac
Kendrick Lamar - To Pimp a Butterfly (2015),13 - The Blacker the Berry.flac,/home/tushar/Documents/SoulSeek/SeekShare/Music/Kendrick Lamar - To Pimp a Butterfly (2015)/13 - The Blacker the Berry.flac
Kendrick Lamar - To Pimp a Butterfly (2015),03 - King Kunta.flac,/home/tushar/Documents/SoulSeek/SeekShare/Music/Kendrick Lamar - To Pimp a Butterfly (2015)/03 - King Kunta.flac
Kendrick Lamar - To Pimp a Butterfly (2015),16 - Mortal Man.flac,/home/tushar/Documents/SoulSeek/SeekShare/Music/Kendrick Lamar - To Pimp a Butterfly (2015)/16 - Mortal Man.flac
Kendrick Lamar - To Pimp a Butterfly (2015),01 - Wesleyâ€™s Theory.flac,/home/tushar/Documents/SoulSeek/SeekShare/Music/Kendrick Lamar - To Pimp a Butterfly (2015)/01 - Wesleyâ€™s Theory.flac
Kendrick Lamar - To Pimp a Butterfly (2015),07 - Alright.flac,/home/tushar/Documents/SoulSeek/SeekShare/Music/Kendrick Lamar - To Pimp a Butterfly (2015)/07 - Alright.flac
Kendrick Lamar - To Pimp a Butterfly (2015),12 - Complexion (A Zulu Love).flac,/home/tushar/Documents/SoulSeek/SeekShare/Music/Kendrick Lamar - To Pimp a Butterfly (2015)/12 - Complexion (A Zulu Love).flac
Kendrick Lamar - To Pimp a Butterfly (2015),08 - For Sale_ (Interlude).flac,/home/tushar/Documents/SoulSeek/SeekShare/Music/Kendrick Lamar - To Pimp a Butterfly (2015)/08 - For Sale_ (Interlude).flac
Kendrick Lamar - To Pimp a Butterfly (2015),14 - You Ainâ€™t Gotta Lie (Momma Said).flac,/home/tushar/Documents/SoulSeek/SeekShare/Music/Kendrick Lamar - To Pimp a Butterfly (2015)/14 - You Ainâ€™t Gotta Lie (Momma Said).flac
Kendrick Lamar - To Pimp a Butterfly (2015),04 - Institutionalized.flac,/home/tushar/Documents/SoulSeek/SeekShare/Music/Kendrick Lamar - To Pimp a Butterfly (2015)/04 - Institutionalized.flac
Kendrick Lamar - To Pimp a Butterfly (2015),05 - These Walls.flac,/home/tushar/Documents/SoulSeek/SeekShare/Music/Kendrick Lamar - To Pimp a Butterfly (2015)/05 - These Walls.flac
Kendrick Lamar - To Pimp a Butterfly (2015),10 - Hood Politics.flac,/home/tushar/Documents/SoulSeek/SeekShare/Music/Kendrick Lamar - To Pimp a Butterfly (2015)/10 - Hood Politics.flac
Kendrick Lamar - To Pimp a Butterfly (2015),02 - For Free_ (Interlude).flac,/home/tushar/Documents/SoulSeek/SeekShare/Music/Kendrick Lamar - To Pimp a Butterfly (2015)/02 - For Free_ (Interlude).flac
Kendrick Lamar - To Pimp a Butterfly (2015),09 - Momma.flac,/home/tushar/Documents/SoulSeek/SeekShare/Music/Kendrick Lamar - To Pimp a Butterfly (2015)/09 - Momma.flac
Kendrick Lamar - To Pimp a Butterfly (2015),15 - i.flac,/home/tushar/Documents/SoulSeek/SeekShare/Music/Kendrick Lamar - To Pimp a Butterfly (2015)/15 - i.flac
Kendrick Lamar - To Pimp a Butterfly (2015),11 - How Much a Dollar Cost.flac,/home/tushar/Documents/SoulSeek/SeekShare/Music/Kendrick Lamar - To Pimp a Butterfly (2015)/11 - How Much a Dollar Cost.flac
The Weeknd - After Hours (Deluxe),08 - Faith.flac,/home/tushar/Documents/SoulSeek/SeekShare/Music/The Weeknd - After Hours (Deluxe)/08 - Faith.flac
The Weeknd - After Hours (Deluxe),10 - In Your Eyes.flac,/home/tushar/Documents/SoulSeek/SeekShare/Music/The Weeknd - After Hours (Deluxe)/10 - In Your Eyes.flac
The Weeknd - After Hours (Deluxe),17 - Final Lullaby (Bonus Track).flac,/home/tushar/Documents/SoulSeek/SeekShare/Music/The Weeknd - After Hours (Deluxe)/17 - Final Lullaby (Bonus Track).flac
The Weeknd - After Hours (Deluxe),01 - Alone Again.flac,/home/tushar/Documents/SoulSeek/SeekShare/Music/The Weeknd - After Hours (Deluxe)/01 - Alone Again.flac
The Weeknd - After Hours (Deluxe),13 - After Hours.flac,/home/tushar/Documents/SoulSeek/SeekShare/Music/The Weeknd - After Hours (Deluxe)/13 - After Hours.flac
The Weeknd - After Hours (Deluxe),07 - Heartless.flac,/home/tushar/Documents/SoulSeek/SeekShare/Music/The Weeknd - After Hours (Deluxe)/07 - Heartless.flac
The Weeknd - After Hours (Deluxe),05 - Snowchild.flac,/home/tushar/Documents/SoulSeek/SeekShare/Music/The Weeknd - After Hours (Deluxe)/05 - Snowchild.flac
The Weeknd - After Hours (Deluxe),16 - Missed You (Bonus Track).flac,/home/tushar/Documents/SoulSeek/SeekShare/Music/The Weeknd - After Hours (Deluxe)/16 - Missed You (Bonus Track).flac
The Weeknd - After Hours (Deluxe),02 - Too Late.flac,/home/tushar/Documents/SoulSeek/SeekShare/Music/The Weeknd - After Hours (Deluxe)/02 - Too Late.flac
The Weeknd - After Hours (Deluxe),15 - Nothing Compares (Bonus Track).flac,/home/tushar/Documents/SoulSeek/SeekShare/Music/The Weeknd - After Hours (Deluxe)/15 - Nothing Compares (Bonus Track).flac
The Weeknd - After Hours (Deluxe),06 - Escape From LA.flac,/home/tushar/Documents/SoulSeek/SeekShare/Music/The Weeknd - After Hours (Deluxe)/06 - Escape From LA.flac
The Weeknd - After Hours (Deluxe),03 - Hardest To Love.flac,/home/tushar/Documents/SoulSeek/SeekShare/Music/The Weeknd - After Hours (Deluxe)/03 - Hardest To Love.flac
The Weeknd - After Hours (Deluxe),11 - Save Your Tears.flac,/home/tushar/Documents/SoulSeek/SeekShare/Music/The Weeknd - After Hours (Deluxe)/11 - Save Your Tears.flac
The Weeknd - After Hours (Deluxe),04 - Scared To Live.flac,/home/tushar/Documents/SoulSeek/SeekShare/Music/The Weeknd - After Hours (Deluxe)/04 - Scared To Live.flac
The Weeknd - After Hours (Deluxe),09 - Blinding Lights.flac,/home/tushar/Documents/SoulSeek/SeekShare/Music/The Weeknd - After Hours (Deluxe)/09 - Blinding Lights.flac
The Weeknd - After Hours (Deluxe),14 - Until I Bleed Out.flac,/home/tushar/Documents/SoulSeek/SeekShare/Music/The Weeknd - After Hours (Deluxe)/14 - Until I Bleed Out.flac
The Weeknd - After Hours (Deluxe),12 - Repeat After Me (Interlude).flac,/home/tushar/Documents/SoulSeek/SeekShare/Music/The Weeknd - After Hours (Deluxe)/12 - Repeat After Me (Interlude).flac
Pink Floyd - The Dark Side Of The Moon (Remastered Version) (1973),09 - Brain Damage (2011 Remastered Version).flac,/home/tushar/Documents/SoulSeek/SeekShare/Music/Pink Floyd - The Dark Side Of The Moon (Remastered Version) (1973)/09 - Brain Damage (2011 Remastered Version).flac
Pink Floyd - The Dark Side Of The Moon (Remastered Version) (1973),01 - Speak To Me (2011 Remastered Version).flac,/home/tushar/Documents/SoulSeek/SeekShare/Music/Pink Floyd - The Dark Side Of The Moon (Remastered Version) (1973)/01 - Speak To Me (2011 Remastered Version).flac
Pink Floyd - The Dark Side Of The Moon (Remastered Version) (1973),02 - Breathe (In The Air) (2011 Remastered Version).flac,/home/tushar/Documents/SoulSeek/SeekShare/Music/Pink Floyd - The Dark Side Of The Moon (Remastered Version) (1973)/02 - Breathe (In The Air) (2011 Remastered Version).flac
Pink Floyd - The Dark Side Of The Moon (Remastered Version) (1973),06 - Money (2011 Remastered Version).flac,/home/tushar/Documents/SoulSeek/SeekShare/Music/Pink Floyd - The Dark Side Of The Moon (Remastered Version) (1973)/06 - Money (2011 Remastered Version).flac
Pink Floyd - The Dark Side Of The Moon (Remastered Version) (1973),05 - The Great Gig In The Sky (2011 Remastered Version).flac,/home/tushar/Documents/SoulSeek/SeekShare/Music/Pink Floyd - The Dark Side Of The Moon (Remastered Version) (1973)/05 - The Great Gig In The Sky (2011 Remastered Version).flac
Pink Floyd - The Dark Side Of The Moon (Remastered Version) (1973),03 - On The Run (2011 Remastered Version).flac,/home/tushar/Documents/SoulSeek/SeekShare/Music/Pink Floyd - The Dark Side Of The Moon (Remastered Version) (1973)/03 - On The Run (2011 Remastered Version).flac
Pink Floyd - The Dark Side Of The Moon (Remastered Version) (1973),07 - Us And Them (2011 Remastered Version).flac,/home/tushar/Documents/SoulSeek/SeekShare/Music/Pink Floyd - The Dark Side Of The Moon (Remastered Version) (1973)/07 - Us And Them (2011 Remastered Version).flac
Pink Floyd - The Dark Side Of The Moon (Remastered Version) (1973),08 - Any Colour You Like (2011 Remastered Version).flac,/home/tushar/Documents/SoulSeek/SeekShare/Music/Pink Floyd - The Dark Side Of The Moon (Remastered Version) (1973)/08 - Any Colour You Like (2011 Remastered Version).flac
Pink Floyd - The Dark Side Of The Moon (Remastered Version) (1973),04 - Time (2011 Remastered Version).flac,/home/tushar/Documents/SoulSeek/SeekShare/Music/Pink Floyd - The Dark Side Of The Moon (Remastered Version) (1973)/04 - Time (2011 Remastered Version).flac
Pink Floyd - The Dark Side Of The Moon (Remastered Version) (1973),10 - Eclipse (2011 Remastered Version).flac,/home/tushar/Documents/SoulSeek/SeekShare/Music/Pink Floyd - The Dark Side Of The Moon (Remastered Version) (1973)/10 - Eclipse (2011 Remastered Version).flac
Foo Fighters - Concrete and Gold  (2017) [CD],05 - La Dee Da.flac,/home/tushar/Documents/SoulSeek/SeekShare/Music/Foo Fighters - Concrete and Gold  (2017) [CD]/05 - La Dee Da.flac
Foo Fighters - Concrete and Gold  (2017) [CD],04 - The Sky Is A Neighborhood.flac,/home/tushar/Documents/SoulSeek/SeekShare/Music/Foo Fighters - Concrete and Gold  (2017) [CD]/04 - The Sky Is A Neighborhood.flac
Foo Fighters - Concrete and Gold  (2017) [CD],01 - T-Shirt.flac,/home/tushar/Documents/SoulSeek/SeekShare/Music/Foo Fighters - Concrete and Gold  (2017) [CD]/01 - T-Shirt.flac
Foo Fighters - Concrete and Gold  (2017) [CD],11 - Concrete and Gold.flac,/home/tushar/Documents/SoulSeek/SeekShare/Music/Foo Fighters - Concrete and Gold  (2017) [CD]/11 - Concrete and Gold.flac
Foo Fighters - Concrete and Gold  (2017) [CD],10 - The Line.flac,/home/tushar/Documents/SoulSeek/SeekShare/Music/Foo Fighters - Concrete and Gold  (2017) [CD]/10 - The Line.flac
Foo Fighters - Concrete and Gold  (2017) [CD],02 - Run.flac,/home/tushar/Documents/SoulSeek/SeekShare/Music/Foo Fighters - Concrete and Gold  (2017) [CD]/02 - Run.flac
Foo Fighters - Concrete and Gold  (2017) [CD],08 - Happy Ever After (Zero Hour).flac,/home/tushar/Documents/SoulSeek/SeekShare/Music/Foo Fighters - Concrete and Gold  (2017) [CD]/08 - Happy Ever After (Zero Hour).flac
Foo Fighters - Concrete and Gold  (2017) [CD],07 - Arrows.flac,/home/tushar/Documents/SoulSeek/SeekShare/Music/Foo Fighters - Concrete and Gold  (2017) [CD]/07 - Arrows.flac
Foo Fighters - Concrete and Gold  (2017) [CD],03 - Make It Right.flac,/home/tushar/Documents/SoulSeek/SeekShare/Music/Foo Fighters - Concrete and Gold  (2017) [CD]/03 - Make It Right.flac
Foo Fighters - Concrete and Gold  (2017) [CD],09 - Sunday Rain.flac,/home/tushar/Documents/SoulSeek/SeekShare/Music/Foo Fighters - Concrete and Gold  (2017) [CD]/09 - Sunday Rain.flac
Foo Fighters - Concrete and Gold  (2017) [CD],06 - Dirty Water.flac,/home/tushar/Documents/SoulSeek/SeekShare/Music/Foo Fighters - Concrete and Gold  (2017) [CD]/06 - Dirty Water.flac
Kanye West - My Beautiful Dark Twisted Fantasy (2010),Kanye West - My Beautiful Dark Twisted Fantasy - 08 - Devil in a New Dress (FLAC 975 kbps).flac,/home/tushar/Documents/SoulSeek/SeekShare/Music/Kanye West - My Beautiful Dark Twisted Fantasy (2010)/Kanye West - My Beautiful Dark Twisted Fantasy - 08 - Devil in a New Dress (FLAC 975 kbps).flac
Kanye West - My Beautiful Dark Twisted Fantasy (2010),Kanye West - My Beautiful Dark Twisted Fantasy - 10 - Hell of a Life (FLAC 904 kbps).flac,/home/tushar/Documents/SoulSeek/SeekShare/Music/Kanye West - My Beautiful Dark Twisted Fantasy (2010)/Kanye West - My Beautiful Dark Twisted Fantasy - 10 - Hell of a Life (FLAC 904 kbps).flac
Kanye West - My Beautiful Dark Twisted Fantasy (2010),Kanye West - My Beautiful Dark Twisted Fantasy - 03 - Power (FLAC 956 kbps).flac,/home/tushar/Documents/SoulSeek/SeekShare/Music/Kanye West - My Beautiful Dark Twisted Fantasy (2010)/Kanye West - My Beautiful Dark Twisted Fantasy - 03 - Power (FLAC 956 kbps).flac
Kanye West - My Beautiful Dark Twisted Fantasy (2010),Kanye West - My Beautiful Dark Twisted Fantasy - 11 - Blame Game (FLAC 859 kbps).flac,/home/tushar/Documents/SoulSeek/SeekShare/Music/Kanye West - My Beautiful Dark Twisted Fantasy (2010)/Kanye West - My Beautiful Dark Twisted Fantasy - 11 - Blame Game (FLAC 859 kbps).flac
Kanye West - My Beautiful Dark Twisted Fantasy (2010),Kanye West - My Beautiful Dark Twisted Fantasy - 05 - All of the Lights (FLAC 1002 kbps).flac,/home/tushar/Documents/SoulSeek/SeekShare/Music/Kanye West - My Beautiful Dark Twisted Fantasy (2010)/Kanye West - My Beautiful Dark Twisted Fantasy - 05 - All of the Lights (FLAC 1002 kbps).flac
Kanye West - My Beautiful Dark Twisted Fantasy (2010),Kanye West - My Beautiful Dark Twisted Fantasy - 04 - All of the Lights (interlude) (FLAC 659 kbps).flac,/home/tushar/Documents/SoulSeek/SeekShare/Music/Kanye West - My Beautiful Dark Twisted Fantasy (2010)/Kanye West - My Beautiful Dark Twisted Fantasy - 04 - All of the Lights (interlude) (FLAC 659 kbps).flac
Kanye West - My Beautiful Dark Twisted Fantasy (2010),Kanye West - My Beautiful Dark Twisted Fantasy - 09 - Runaway (FLAC 866 kbps).flac,/home/tushar/Documents/SoulSeek/SeekShare/Music/Kanye West - My Beautiful Dark Twisted Fantasy (2010)/Kanye West - My Beautiful Dark Twisted Fantasy - 09 - Runaway (FLAC 866 kbps).flac
Kanye West - My Beautiful Dark Twisted Fantasy (2010),Kanye West - My Beautiful Dark Twisted Fantasy - 01 - Dark Fantasy (FLAC 951 kbps).flac,/home/tushar/Documents/SoulSeek/SeekShare/Music/Kanye West - My Beautiful Dark Twisted Fantasy (2010)/Kanye West - My Beautiful Dark Twisted Fantasy - 01 - Dark Fantasy (FLAC 951 kbps).flac
Kanye West - My Beautiful Dark Twisted Fantasy (2010),Kanye West - My Beautiful Dark Twisted Fantasy - 02 - Gorgeous (FLAC 849 kbps).flac,/home/tushar/Documents/SoulSeek/SeekShare/Music/Kanye West - My Beautiful Dark Twisted Fantasy (2010)/Kanye West - My Beautiful Dark Twisted Fantasy - 02 - Gorgeous (FLAC 849 kbps).flac
Kanye West - My Beautiful Dark Twisted Fantasy (2010),Kanye West - My Beautiful Dark Twisted Fantasy - 13 - Who Will Survive in America (FLAC 855 kbps).flac,/home/tushar/Documents/SoulSeek/SeekShare/Music/Kanye West - My Beautiful Dark Twisted Fantasy (2010)/Kanye West - My Beautiful Dark Twisted Fantasy - 13 - Who Will Survive in America (FLAC 855 kbps).flac
Kanye West - My Beautiful Dark Twisted Fantasy (2010),Kanye West - My Beautiful Dark Twisted Fantasy - 06 - Monster (FLAC 860 kbps).flac,/home/tushar/Documents/SoulSeek/SeekShare/Music/Kanye West - My Beautiful Dark Twisted Fantasy (2010)/Kanye West - My Beautiful Dark Twisted Fantasy - 06 - Monster (FLAC 860 kbps).flac
Kanye West - My Beautiful Dark Twisted Fantasy (2010),Kanye West - My Beautiful Dark Twisted Fantasy - 12 - Lost in the World (FLAC 911 kbps).flac,/home/tushar/Documents/SoulSeek/SeekShare/Music/Kanye West - My Beautiful Dark Twisted Fantasy (2010)/Kanye West - My Beautiful Dark Twisted Fantasy - 12 - Lost in the World (FLAC 911 kbps).flac
Kanye West - My Beautiful Dark Twisted Fantasy (2010),Kanye West - My Beautiful Dark Twisted Fantasy - 07 - So Appalled (FLAC 916 kbps).flac,/home/tushar/Documents/SoulSeek/SeekShare/Music/Kanye West - My Beautiful Dark Twisted Fantasy (2010)/Kanye West - My Beautiful Dark Twisted Fantasy - 07 - So Appalled (FLAC 916 kbps).flac
"Kendrick Lamar - good kid, m.A.A.d city (Deluxe Edition) (2012)",04 - The Art Of Peer Pressure.flac,"/home/tushar/Documents/SoulSeek/SeekShare/Music/Kendrick Lamar - good kid, m.A.A.d city (Deluxe Edition) (2012)/04 - The Art Of Peer Pressure.flac"
"Kendrick Lamar - good kid, m.A.A.d city (Deluxe Edition) (2012)","10 - Sing About Me, I'm Dying Of Thirst.flac","/home/tushar/Documents/SoulSeek/SeekShare/Music/Kendrick Lamar - good kid, m.A.A.d city (Deluxe Edition) (2012)/10 - Sing About Me, I'm Dying Of Thirst.flac"
"Kendrick Lamar - good kid, m.A.A.d city (Deluxe Edition) (2012)",06 - Poetic Justice (Feat. Drake).flac,"/home/tushar/Documents/SoulSeek/SeekShare/Music/Kendrick Lamar - good kid, m.A.A.d city (Deluxe Edition) (2012)/06 - Poetic Justice (Feat. Drake).flac"
"Kendrick Lamar - good kid, m.A.A.d city (Deluxe Edition) (2012)",03 - Backseat Freestyle.flac,"/home/tushar/Documents/SoulSeek/SeekShare/Music/Kendrick Lamar - good kid, m.A.A.d city (Deluxe Edition) (2012)/03 - Backseat Freestyle.flac"
"Kendrick Lamar - good kid, m.A.A.d city (Deluxe Edition) (2012)","02 - Bitch, Don't Kill My Vibe.flac","/home/tushar/Documents/SoulSeek/SeekShare/Music/Kendrick Lamar - good kid, m.A.A.d city (Deluxe Edition) (2012)/02 - Bitch, Don't Kill My Vibe.flac"
"Kendrick Lamar - good kid, m.A.A.d city (Deluxe Edition) (2012)",01 - Sherane a.k.a Master Splinter's Daughter.flac,"/home/tushar/Documents/SoulSeek/SeekShare/Music/Kendrick Lamar - good kid, m.A.A.d city (Deluxe Edition) (2012)/01 - Sherane a.k.a Master Splinter's Daughter.flac"
"Kendrick Lamar - good kid, m.A.A.d city (Deluxe Edition) (2012)",02 - Black Boy Fly.flac,"/home/tushar/Documents/SoulSeek/SeekShare/Music/Kendrick Lamar - good kid, m.A.A.d city (Deluxe Edition) (2012)/02 - Black Boy Fly.flac"
"Kendrick Lamar - good kid, m.A.A.d city (Deluxe Edition) (2012)",03 - Now Or Never (Feat. Mary J. Blige).flac,"/home/tushar/Documents/SoulSeek/SeekShare/Music/Kendrick Lamar - good kid, m.A.A.d city (Deluxe Edition) (2012)/03 - Now Or Never (Feat. Mary J. Blige).flac"
"Kendrick Lamar - good kid, m.A.A.d city (Deluxe Edition) (2012)",05 - Swimming Pools (Drank) (Black Hippy Remix).flac,"/home/tushar/Documents/SoulSeek/SeekShare/Music/Kendrick Lamar - good kid, m.A.A.d city (Deluxe Edition) (2012)/05 - Swimming Pools (Drank) (Black Hippy Remix).flac"
"Kendrick Lamar - good kid, m.A.A.d city (Deluxe Edition) (2012)",01 - The Recipe (Feat. Dr. Dre).flac,"/home/tushar/Documents/SoulSeek/SeekShare/Music/Kendrick Lamar - good kid, m.A.A.d city (Deluxe Edition) (2012)/01 - The Recipe (Feat. Dr. Dre).flac"
"Kendrick Lamar - good kid, m.A.A.d city (Deluxe Edition) (2012)",04 - County Building Blues.flac,"/home/tushar/Documents/SoulSeek/SeekShare/Music/Kendrick Lamar - good kid, m.A.A.d city (Deluxe Edition) (2012)/04 - County Building Blues.flac"
"Kendrick Lamar - good kid, m.A.A.d city (Deluxe Edition) (2012)",12 - Compton (Feat. Dr. Dre).flac,"/home/tushar/Documents/SoulSeek/SeekShare/Music/Kendrick Lamar - good kid, m.A.A.d city (Deluxe Edition) (2012)/12 - Compton (Feat. Dr. Dre).flac"
"Kendrick Lamar - good kid, m.A.A.d city (Deluxe Edition) (2012)",08 - m.A.A.d city (Feat. MC Eiht).flac,"/home/tushar/Documents/SoulSeek/SeekShare/Music/Kendrick Lamar - good kid, m.A.A.d city (Deluxe Edition) (2012)/08 - m.A.A.d city (Feat. MC Eiht).flac"
"Kendrick Lamar - good kid, m.A.A.d city (Deluxe Edition) (2012)",11 - Real (Feat. Anna Wise Of SonnyMoon).flac,"/home/tushar/Documents/SoulSeek/SeekShare/Music/Kendrick Lamar - good kid, m.A.A.d city (Deluxe Edition) (2012)/11 - Real (Feat. Anna Wise Of SonnyMoon).flac"
"Kendrick Lamar - good kid, m.A.A.d city (Deluxe Edition) (2012)",09 - Swimming Pools (Drank) (Extended Version).flac,"/home/tushar/Documents/SoulSeek/SeekShare/Music/Kendrick Lamar - good kid, m.A.A.d city (Deluxe Edition) (2012)/09 - Swimming Pools (Drank) (Extended Version).flac"
"Kendrick Lamar - good kid, m.A.A.d city (Deluxe Edition) (2012)",07 - good kid.flac,"/home/tushar/Documents/SoulSeek/SeekShare/Music/Kendrick Lamar - good kid, m.A.A.d city (Deluxe Edition) (2012)/07 - good kid.flac"
"Kendrick Lamar - good kid, m.A.A.d city (Deluxe Edition) (2012)",05 - Money Trees (Feat. Jay Rock).flac,"/home/tushar/Documents/SoulSeek/SeekShare/Music/Kendrick Lamar - good kid, m.A.A.d city (Deluxe Edition) (2012)/05 - Money Trees (Feat. Jay Rock).flac"
"Kanye West - Graduation (Japan Version) [CD] [44.1khz, 16-bit] (2007)",12 - Homecoming.flac,"/home/tushar/Documents/SoulSeek/SeekShare/Music/Kanye West - Graduation (Japan Version) [CD] [44.1khz, 16-bit] (2007)/12 - Homecoming.flac"
"Kanye West - Graduation (Japan Version) [CD] [44.1khz, 16-bit] (2007)",13 - Big Brother.flac,"/home/tushar/Documents/SoulSeek/SeekShare/Music/Kanye West - Graduation (Japan Version) [CD] [44.1khz, 16-bit] (2007)/13 - Big Brother.flac"
"Kanye West - Graduation (Japan Version) [CD] [44.1khz, 16-bit] (2007)",01 - Good Morning.flac,"/home/tushar/Documents/SoulSeek/SeekShare/Music/Kanye West - Graduation (Japan Version) [CD] [44.1khz, 16-bit] (2007)/01 - Good Morning.flac"
"Kanye West - Graduation (Japan Version) [CD] [44.1khz, 16-bit] (2007)",06 - Can't Tell Me Nothing.flac,"/home/tushar/Documents/SoulSeek/SeekShare/Music/Kanye West - Graduation (Japan Version) [CD] [44.1khz, 16-bit] (2007)/06 - Can't Tell Me Nothing.flac"
"Kanye West - Graduation (Japan Version) [CD] [44.1khz, 16-bit] (2007)",02 - Champion.flac,"/home/tushar/Documents/SoulSeek/SeekShare/Music/Kanye West - Graduation (Japan Version) [CD] [44.1khz, 16-bit] (2007)/02 - Champion.flac"
"Kanye West - Graduation (Japan Version) [CD] [44.1khz, 16-bit] (2007)",15 - Bittersweet Poetry feat. John Mayer.flac,"/home/tushar/Documents/SoulSeek/SeekShare/Music/Kanye West - Graduation (Japan Version) [CD] [44.1khz, 16-bit] (2007)/15 - Bittersweet Poetry feat. John Mayer.flac"
"Kanye West - Graduation (Japan Version) [CD] [44.1khz, 16-bit] (2007)",07 - Barry Bonds feat. Lil Wayne.flac,"/home/tushar/Documents/SoulSeek/SeekShare/Music/Kanye West - Graduation (Japan Version) [CD] [44.1khz, 16-bit] (2007)/07 - Barry Bonds feat. Lil Wayne.flac"
"Kanye West - Graduation (Japan Version) [CD] [44.1khz, 16-bit] (2007)",08 - Drunk & Hot Girls feat. Mos Def.flac,"/home/tushar/Documents/SoulSeek/SeekShare/Music/Kanye West - Graduation (Japan Version) [CD] [44.1khz, 16-bit] (2007)/08 - Drunk & Hot Girls feat. Mos Def.flac"
"Kanye West - Graduation (Japan Version) [CD] [44.1khz, 16-bit] (2007)",03 - Stronger.flac,"/home/tushar/Documents/SoulSeek/SeekShare/Music/Kanye West - Graduation (Japan Version) [CD] [44.1khz, 16-bit] (2007)/03 - Stronger.flac"
"Kanye West - Graduation (Japan Version) [CD] [44.1khz, 16-bit] (2007)",14 - Good Night feat. Mos Def & Al Be.flac,"/home/tushar/Documents/SoulSeek/SeekShare/Music/Kanye West - Graduation (Japan Version) [CD] [44.1khz, 16-bit] (2007)/14 - Good Night feat. Mos Def & Al Be.flac"
"Kanye West - Graduation (Japan Version) [CD] [44.1khz, 16-bit] (2007)",09 - Flashing Lights feat. Dwele.flac,"/home/tushar/Documents/SoulSeek/SeekShare/Music/Kanye West - Graduation (Japan Version) [CD] [44.1khz, 16-bit] (2007)/09 - Flashing Lights feat. Dwele.flac"
"Kanye West - Graduation (Japan Version) [CD] [44.1khz, 16-bit] (2007)",04 - I Wonder.flac,"/home/tushar/Documents/SoulSeek/SeekShare/Music/Kanye West - Graduation (Japan Version) [CD] [44.1khz, 16-bit] (2007)/04 - I Wonder.flac"
"Kanye West - Graduation (Japan Version) [CD] [44.1khz, 16-bit] (2007)",11 - The Glory.flac,"/home/tushar/Documents/SoulSeek/SeekShare/Music/Kanye West - Graduation (Japan Version) [CD] [44.1khz, 16-bit] (2007)/11 - The Glory.flac"
"Kanye West - Graduation (Japan Version) [CD] [44.1khz, 16-bit] (2007)",05 - Good Life feat. T-Pain.flac,"/home/tushar/Documents/SoulSeek/SeekShare/Music/Kanye West - Graduation (Japan Version) [CD] [44.1khz, 16-bit] (2007)/05 - Good Life feat. T-Pain.flac"
"Kanye West - Graduation (Japan Version) [CD] [44.1khz, 16-bit] (2007)",10 - Everything I Am feat. DJ Premier.flac,"/home/tushar/Documents/SoulSeek/SeekShare/Music/Kanye West - Graduation (Japan Version) [CD] [44.1khz, 16-bit] (2007)/10 - Everything I Am feat. DJ Premier.flac"
Maroon 5,Maroon 5 - One More Night.mp3,/home/tushar/Documents/SoulSeek/SeekShare/Music/Maroon 5/Maroon 5 - One More Night.mp3
Maroon 5,Maroon 5 - Maps [128].mp3,/home/tushar/Documents/SoulSeek/SeekShare/Music/Maroon 5/Maroon 5 - Maps [128].mp3
Maroon 5,Recording 1.flac,/home/tushar/Documents/SoulSeek/SeekShare/Music/Maroon 5/Recording 1.flac
Maroon 5,Maroon 5 - Daylight.mp3,/home/tushar/Documents/SoulSeek/SeekShare/Music/Maroon 5/Maroon 5 - Daylight.mp3
Kanye West - 808s & Heartbreak (2008),01 - Say You Will.flac,/home/tushar/Documents/SoulSeek/SeekShare/Music/Kanye West - 808s & Heartbreak (2008)/01 - Say You Will.flac
Kanye West - 808s & Heartbreak (2008),09 - Bad News.flac,/home/tushar/Documents/SoulSeek/SeekShare/Music/Kanye West - 808s & Heartbreak (2008)/09 - Bad News.flac
Kanye West - 808s & Heartbreak (2008),06 - Paranoid.flac,/home/tushar/Documents/SoulSeek/SeekShare/Music/Kanye West - 808s & Heartbreak (2008)/06 - Paranoid.flac
Kanye West - 808s & Heartbreak (2008),10 - See You in My Nightmares.flac,/home/tushar/Documents/SoulSeek/SeekShare/Music/Kanye West - 808s & Heartbreak (2008)/10 - See You in My Nightmares.flac
Kanye West - 808s & Heartbreak (2008),02 - Welcome to Heartbreak.flac,/home/tushar/Documents/SoulSeek/SeekShare/Music/Kanye West - 808s & Heartbreak (2008)/02 - Welcome to Heartbreak.flac
Kanye West - 808s & Heartbreak (2008),08 - Street Lights.flac,/home/tushar/Documents/SoulSeek/SeekShare/Music/Kanye West - 808s & Heartbreak (2008)/08 - Street Lights.flac
Kanye West - 808s & Heartbreak (2008),12 - Pinocchio Story (freestyle live from Singapore).flac,/home/tushar/Documents/SoulSeek/SeekShare/Music/Kanye West - 808s & Heartbreak (2008)/12 - Pinocchio Story (freestyle live from Singapore).flac
Kanye West - 808s & Heartbreak (2008),11 - Coldest Winter.flac,/home/tushar/Documents/SoulSeek/SeekShare/Music/Kanye West - 808s & Heartbreak (2008)/11 - Coldest Winter.flac
Kanye West - 808s & Heartbreak (2008),07 - RoboCop.flac,/home/tushar/Documents/SoulSeek/SeekShare/Music/Kanye West - 808s & Heartbreak (2008)/07 - RoboCop.flac
Kanye West - 808s & Heartbreak (2008),04 - Amazing.flac,/home/tushar/Documents/SoulSeek/SeekShare/Music/Kanye West - 808s & Heartbreak (2008)/04 - Amazing.flac
Kanye West - 808s & Heartbreak (2008),05 - Love Lockdown.flac,/home/tushar/Documents/SoulSeek/SeekShare/Music/Kanye West - 808s & Heartbreak (2008)/05 - Love Lockdown.flac
Kanye West - 808s & Heartbreak (2008),03 - Heartless.flac,/home/tushar/Documents/SoulSeek/SeekShare/Music/Kanye West - 808s & Heartbreak (2008)/03 - Heartless.flac
My Beautiful Dark Twisted Fantasy (2010),11 - Lost In The World.flac,/home/tushar/Documents/SoulSeek/SeekShare/Music/My Beautiful Dark Twisted Fantasy (2010)/11 - Lost In The World.flac
My Beautiful Dark Twisted Fantasy (2010),02 - Gorgeous.flac,/home/tushar/Documents/SoulSeek/SeekShare/Music/My Beautiful Dark Twisted Fantasy (2010)/02 - Gorgeous.flac
My Beautiful Dark Twisted Fantasy (2010),06 - So Appalled.flac,/home/tushar/Documents/SoulSeek/SeekShare/Music/My Beautiful Dark Twisted Fantasy (2010)/06 - So Appalled.flac
My Beautiful Dark Twisted Fantasy (2010),05 - Monster.flac,/home/tushar/Documents/SoulSeek/SeekShare/Music/My Beautiful Dark Twisted Fantasy (2010)/05 - Monster.flac
My Beautiful Dark Twisted Fantasy (2010),03 - POWER.flac,/home/tushar/Documents/SoulSeek/SeekShare/Music/My Beautiful Dark Twisted Fantasy (2010)/03 - POWER.flac
My Beautiful Dark Twisted Fantasy (2010),09 - Hell Of A Life.flac,/home/tushar/Documents/SoulSeek/SeekShare/Music/My Beautiful Dark Twisted Fantasy (2010)/09 - Hell Of A Life.flac
My Beautiful Dark Twisted Fantasy (2010),08 - Runaway.flac,/home/tushar/Documents/SoulSeek/SeekShare/Music/My Beautiful Dark Twisted Fantasy (2010)/08 - Runaway.flac
My Beautiful Dark Twisted Fantasy (2010),12 - Who Will Survive In America.flac,/home/tushar/Documents/SoulSeek/SeekShare/Music/My Beautiful Dark Twisted Fantasy (2010)/12 - Who Will Survive In America.flac
My Beautiful Dark Twisted Fantasy (2010),01 - Dark Fantasy.flac,/home/tushar/Documents/SoulSeek/SeekShare/Music/My Beautiful Dark Twisted Fantasy (2010)/01 - Dark Fantasy.flac
My Beautiful Dark Twisted Fantasy (2010),07 - Devil In A New Dress.flac,/home/tushar/Documents/SoulSeek/SeekShare/Music/My Beautiful Dark Twisted Fantasy (2010)/07 - Devil In A New Dress.flac
My Beautiful Dark Twisted Fantasy (2010),10 - Blame Game.flac,/home/tushar/Documents/SoulSeek/SeekShare/Music/My Beautiful Dark Twisted Fantasy (2010)/10 - Blame Game.flac
My Beautiful Dark Twisted Fantasy (2010),04 - All Of The Lights.flac,/home/tushar/Documents/SoulSeek/SeekShare/Music/My Beautiful Dark Twisted Fantasy (2010)/04 - All Of The Lights.flac
Kanye West - The Life of Pablo (2016),01-05 Feedback.mp3,/home/tushar/Documents/SoulSeek/SeekShare/Music/Kanye West - The Life of Pablo (2016)/01-05 Feedback.mp3
Kanye West - The Life of Pablo (2016),01-15 Siiiiiiiiilver Surffffeeeeer Intermission.mp3,/home/tushar/Documents/SoulSeek/SeekShare/Music/Kanye West - The Life of Pablo (2016)/01-15 Siiiiiiiiilver Surffffeeeeer Intermission.mp3
Kanye West - The Life of Pablo (2016),01-14 Frank’s Track.mp3,/home/tushar/Documents/SoulSeek/SeekShare/Music/Kanye West - The Life of Pablo (2016)/01-14 Frank’s Track.mp3
Kanye West - The Life of Pablo (2016),01-01 Ultralight Beam.mp3,/home/tushar/Documents/SoulSeek/SeekShare/Music/Kanye West - The Life of Pablo (2016)/01-01 Ultralight Beam.mp3
Kanye West - The Life of Pablo (2016),01-12 Real Friends.mp3,/home/tushar/Documents/SoulSeek/SeekShare/Music/Kanye West - The Life of Pablo (2016)/01-12 Real Friends.mp3
Kanye West - The Life of Pablo (2016),01-04 Famous.mp3,/home/tushar/Documents/SoulSeek/SeekShare/Music/Kanye West - The Life of Pablo (2016)/01-04 Famous.mp3
Kanye West - The Life of Pablo (2016),01-08 Freestyle 4.mp3,/home/tushar/Documents/SoulSeek/SeekShare/Music/Kanye West - The Life of Pablo (2016)/01-08 Freestyle 4.mp3
Kanye West - The Life of Pablo (2016),01-03 Pt. 2.mp3,/home/tushar/Documents/SoulSeek/SeekShare/Music/Kanye West - The Life of Pablo (2016)/01-03 Pt. 2.mp3
Kanye West - The Life of Pablo (2016),01-13 Wolves.mp3,/home/tushar/Documents/SoulSeek/SeekShare/Music/Kanye West - The Life of Pablo (2016)/01-13 Wolves.mp3
Kanye West - The Life of Pablo (2016),01-11 FML.mp3,/home/tushar/Documents/SoulSeek/SeekShare/Music/Kanye West - The Life of Pablo (2016)/01-11 FML.mp3
Kanye West - The Life of Pablo (2016),01-10 Waves.mp3,/home/tushar/Documents/SoulSeek/SeekShare/Music/Kanye West - The Life of Pablo (2016)/01-10 Waves.mp3
Kanye West - The Life of Pablo (2016),01-07 Highlights.mp3,/home/tushar/Documents/SoulSeek/SeekShare/Music/Kanye West - The Life of Pablo (2016)/01-07 Highlights.mp3
Kanye West - The Life of Pablo (2016),01-02 Father Stretch My Hands Pt. 1.mp3,/home/tushar/Documents/SoulSeek/SeekShare/Music/Kanye West - The Life of Pablo (2016)/01-02 Father Stretch My Hands Pt. 1.mp3
Kanye West - The Life of Pablo (2016),01-19 Fade.mp3,/home/tushar/Documents/SoulSeek/SeekShare/Music/Kanye West - The Life of Pablo (2016)/01-19 Fade.mp3
Kanye West - The Life of Pablo (2016),01-06 Low Lights.mp3,/home/tushar/Documents/SoulSeek/SeekShare/Music/Kanye West - The Life of Pablo (2016)/01-06 Low Lights.mp3
Kanye West - The Life of Pablo (2016),01-17 No More Parties In LA.mp3,/home/tushar/Documents/SoulSeek/SeekShare/Music/Kanye West - The Life of Pablo (2016)/01-17 No More Parties In LA.mp3
Kanye West - The Life of Pablo (2016),01-18 Facts (Charlie Heat Version).mp3,/home/tushar/Documents/SoulSeek/SeekShare/Music/Kanye West - The Life of Pablo (2016)/01-18 Facts (Charlie Heat Version).mp3
Kanye West - The Life of Pablo (2016),01-16 30 Hours.mp3,/home/tushar/Documents/SoulSeek/SeekShare/Music/Kanye West - The Life of Pablo (2016)/01-16 30 Hours.mp3
Kanye West - The Life of Pablo (2016),01-09 I Love Kanye.mp3,/home/tushar/Documents/SoulSeek/SeekShare/Music/Kanye West - The Life of Pablo (2016)/01-09 I Love Kanye.mp3
Kendrick Lamar - Mr. Morale & The Big Steppers (2022),1-04. Kendrick Lamar - Die Hard.flac,/home/tushar/Documents/SoulSeek/SeekShare/Music/Kendrick Lamar - Mr. Morale & The Big Steppers (2022)/1-04. Kendrick Lamar - Die Hard.flac
Kendrick Lamar - Mr. Morale & The Big Steppers (2022),2-04. Kendrick Lamar - Savior (Interlude).flac,/home/tushar/Documents/SoulSeek/SeekShare/Music/Kendrick Lamar - Mr. Morale & The Big Steppers (2022)/2-04. Kendrick Lamar - Savior (Interlude).flac
Kendrick Lamar - Mr. Morale & The Big Steppers (2022),1-03. Kendrick Lamar - Worldwide Steppers.flac,/home/tushar/Documents/SoulSeek/SeekShare/Music/Kendrick Lamar - Mr. Morale & The Big Steppers (2022)/1-03. Kendrick Lamar - Worldwide Steppers.flac
Kendrick Lamar - Mr. Morale & The Big Steppers (2022),2-09. Kendrick Lamar - Mirror.flac,/home/tushar/Documents/SoulSeek/SeekShare/Music/Kendrick Lamar - Mr. Morale & The Big Steppers (2022)/2-09. Kendrick Lamar - Mirror.flac
Kendrick Lamar - Mr. Morale & The Big Steppers (2022),2-05. Kendrick Lamar - Savior.flac,/home/tushar/Documents/SoulSeek/SeekShare/Music/Kendrick Lamar - Mr. Morale & The Big Steppers (2022)/2-05. Kendrick Lamar - Savior.flac
Kendrick Lamar - Mr. Morale & The Big Steppers (2022),1-07. Kendrick Lamar - Rich Spirit.flac,/home/tushar/Documents/SoulSeek/SeekShare/Music/Kendrick Lamar - Mr. Morale & The Big Steppers (2022)/1-07. Kendrick Lamar - Rich Spirit.flac
Kendrick Lamar - Mr. Morale & The Big Steppers (2022),1-09. Kendrick Lamar - Purple Hearts.flac,/home/tushar/Documents/SoulSeek/SeekShare/Music/Kendrick Lamar - Mr. Morale & The Big Steppers (2022)/1-09. Kendrick Lamar - Purple Hearts.flac
Kendrick Lamar - Mr. Morale & The Big Steppers (2022),1-08. Kendrick Lamar - We Cry Together.flac,/home/tushar/Documents/SoulSeek/SeekShare/Music/Kendrick Lamar - Mr. Morale & The Big Steppers (2022)/1-08. Kendrick Lamar - We Cry Together.flac
Kendrick Lamar - Mr. Morale & The Big Steppers (2022),1-02. Kendrick Lamar - N95.flac,/home/tushar/Documents/SoulSeek/SeekShare/Music/Kendrick Lamar - Mr. Morale & The Big Steppers (2022)/1-02. Kendrick Lamar - N95.flac
Kendrick Lamar - Mr. Morale & The Big Steppers (2022),2-07. Kendrick Lamar - Mr. Morale.flac,/home/tushar/Documents/SoulSeek/SeekShare/Music/Kendrick Lamar - Mr. Morale & The Big Steppers (2022)/2-07. Kendrick Lamar - Mr. Morale.flac
Kendrick Lamar - Mr. Morale & The Big Steppers (2022),2-01. Kendrick Lamar - Count Me Out.flac,/home/tushar/Documents/SoulSeek/SeekShare/Music/Kendrick Lamar - Mr. Morale & The Big Steppers (2022)/2-01. Kendrick Lamar - Count Me Out.flac
Kendrick Lamar - Mr. Morale & The Big Steppers (2022),1-06. Kendrick Lamar - Rich (Interlude).flac,/home/tushar/Documents/SoulSeek/SeekShare/Music/Kendrick Lamar - Mr. Morale & The Big Steppers (2022)/1-06. Kendrick Lamar - Rich (Interlude).flac
Kendrick Lamar - Mr. Morale & The Big Steppers (2022),2-06. Kendrick Lamar - Auntie Diaries.flac,/home/tushar/Documents/SoulSeek/SeekShare/Music/Kendrick Lamar - Mr. Morale & The Big Steppers (2022)/2-06. Kendrick Lamar - Auntie Diaries.flac
Kendrick Lamar - Mr. Morale & The Big Steppers (2022),1-01. Kendrick Lamar - United In Grief.flac,/home/tushar/Documents/SoulSeek/SeekShare/Music/Kendrick Lamar - Mr. Morale & The Big Steppers (2022)/1-01. Kendrick Lamar - United In Grief.flac
Kendrick Lamar - Mr. Morale & The Big Steppers (2022),2-03. Kendrick Lamar - Silent Hill.flac,/home/tushar/Documents/SoulSeek/SeekShare/Music/Kendrick Lamar - Mr. Morale & The Big Steppers (2022)/2-03. Kendrick Lamar - Silent Hill.flac
Kendrick Lamar - Mr. Morale & The Big Steppers (2022),2-02. Kendrick Lamar - Crown.flac,/home/tushar/Documents/SoulSeek/SeekShare/Music/Kendrick Lamar - Mr. Morale & The Big Steppers (2022)/2-02. Kendrick Lamar - Crown.flac
Kendrick Lamar - Mr. Morale & The Big Steppers (2022),1-05. Kendrick Lamar - Father Time.flac,/home/tushar/Documents/SoulSeek/SeekShare/Music/Kendrick Lamar - Mr. Morale & The Big Steppers (2022)/1-05. Kendrick Lamar - Father Time.flac
Kendrick Lamar - Mr. Morale & The Big Steppers (2022),2-08. Kendrick Lamar - Mother I Sober.flac,/home/tushar/Documents/SoulSeek/SeekShare/Music/Kendrick Lamar - Mr. Morale & The Big Steppers (2022)/2-08. Kendrick Lamar - Mother I Sober.flac
Spider-Man Into the Spider-Verse (Soundtrack From & Inspired by the Motion Picture) (2018),1-03 Way Up.flac,/home/tushar/Documents/SoulSeek/SeekShare/Music/Spider-Man Into the Spider-Verse (Soundtrack From & Inspired by the Motion Picture) (2018)/1-03 Way Up.flac
Spider-Man Into the Spider-Verse (Soundtrack From & Inspired by the Motion Picture) (2018),1-07 Hide.flac,/home/tushar/Documents/SoulSeek/SeekShare/Music/Spider-Man Into the Spider-Verse (Soundtrack From & Inspired by the Motion Picture) (2018)/1-07 Hide.flac
Spider-Man Into the Spider-Verse (Soundtrack From & Inspired by the Motion Picture) (2018),1-13 Home.flac,/home/tushar/Documents/SoulSeek/SeekShare/Music/Spider-Man Into the Spider-Verse (Soundtrack From & Inspired by the Motion Picture) (2018)/1-13 Home.flac
Spider-Man Into the Spider-Verse (Soundtrack From & Inspired by the Motion Picture) (2018),1-09 Save The Day.flac,/home/tushar/Documents/SoulSeek/SeekShare/Music/Spider-Man Into the Spider-Verse (Soundtrack From & Inspired by the Motion Picture) (2018)/1-09 Save The Day.flac
Spider-Man Into the Spider-Verse (Soundtrack From & Inspired by the Motion Picture) (2018),1-10 Let Go.flac,/home/tushar/Documents/SoulSeek/SeekShare/Music/Spider-Man Into the Spider-Verse (Soundtrack From & Inspired by the Motion Picture) (2018)/1-10 Let Go.flac
Spider-Man Into the Spider-Verse (Soundtrack From & Inspired by the Motion Picture) (2018),1-02 Sunflower.flac,/home/tushar/Documents/SoulSeek/SeekShare/Music/Spider-Man Into the Spider-Verse (Soundtrack From & Inspired by the Motion Picture) (2018)/1-02 Sunflower.flac
Spider-Man Into the Spider-Verse (Soundtrack From & Inspired by the Motion Picture) (2018),1-04 Familia (Spider-Man Into the Spider-Verse).flac,/home/tushar/Documents/SoulSeek/SeekShare/Music/Spider-Man Into the Spider-Verse (Soundtrack From & Inspired by the Motion Picture) (2018)/1-04 Familia (Spider-Man Into the Spider-Verse).flac
Spider-Man Into the Spider-Verse (Soundtrack From & Inspired by the Motion Picture) (2018),1-01 What's Up Danger.flac,/home/tushar/Documents/SoulSeek/SeekShare/Music/Spider-Man Into the Spider-Verse (Soundtrack From & Inspired by the Motion Picture) (2018)/1-01 What's Up Danger.flac
Spider-Man Into the Spider-Verse (Soundtrack From & Inspired by the Motion Picture) (2018),1-06 Start a Riot.flac,/home/tushar/Documents/SoulSeek/SeekShare/Music/Spider-Man Into the Spider-Verse (Soundtrack From & Inspired by the Motion Picture) (2018)/1-06 Start a Riot.flac
Spider-Man Into the Spider-Verse (Soundtrack From & Inspired by the Motion Picture) (2018),1-05 Invincible.flac,/home/tushar/Documents/SoulSeek/SeekShare/Music/Spider-Man Into the Spider-Verse (Soundtrack From & Inspired by the Motion Picture) (2018)/1-05 Invincible.flac
Spider-Man Into the Spider-Verse (Soundtrack From & Inspired by the Motion Picture) (2018),1-11 Scared of the Dark.flac,/home/tushar/Documents/SoulSeek/SeekShare/Music/Spider-Man Into the Spider-Verse (Soundtrack From & Inspired by the Motion Picture) (2018)/1-11 Scared of the Dark.flac
Spider-Man Into the Spider-Verse (Soundtrack From & Inspired by the Motion Picture) (2018),1-12 Elevate.flac,/home/tushar/Documents/SoulSeek/SeekShare/Music/Spider-Man Into the Spider-Verse (Soundtrack From & Inspired by the Motion Picture) (2018)/1-12 Elevate.flac
Spider-Man Into the Spider-Verse (Soundtrack From & Inspired by the Motion Picture) (2018),1-08 Memories.flac,/home/tushar/Documents/SoulSeek/SeekShare/Music/Spider-Man Into the Spider-Verse (Soundtrack From & Inspired by the Motion Picture) (2018)/1-08 Memories.flac
Queen - Greatest Hits I & II,1-13 Play The Game.mp3,/home/tushar/Documents/SoulSeek/SeekShare/Music/Queen - Greatest Hits I & II/1-13 Play The Game.mp3
Queen - Greatest Hits I & II,1-14 Flash.mp3,/home/tushar/Documents/SoulSeek/SeekShare/Music/Queen - Greatest Hits I & II/1-14 Flash.mp3
Queen - Greatest Hits I & II,1-06 You're My Best Friend.mp3,/home/tushar/Documents/SoulSeek/SeekShare/Music/Queen - Greatest Hits I & II/1-06 You're My Best Friend.mp3
Queen - Greatest Hits I & II,1-17 We Are The Champions.mp3,/home/tushar/Documents/SoulSeek/SeekShare/Music/Queen - Greatest Hits I & II/1-17 We Are The Champions.mp3
Queen - Greatest Hits I & II,1-15 Seven Seas Of Rhye.mp3,/home/tushar/Documents/SoulSeek/SeekShare/Music/Queen - Greatest Hits I & II/1-15 Seven Seas Of Rhye.mp3
Queen - Greatest Hits I & II,1-01 Bohemian Rhapsody.mp3,/home/tushar/Documents/SoulSeek/SeekShare/Music/Queen - Greatest Hits I & II/1-01 Bohemian Rhapsody.mp3
Queen - Greatest Hits I & II,2-06 Innuendo.mp3,/home/tushar/Documents/SoulSeek/SeekShare/Music/Queen - Greatest Hits I & II/2-06 Innuendo.mp3
Queen - Greatest Hits I & II,1-12 Good Old Fashioned Lover Boy.mp3,/home/tushar/Documents/SoulSeek/SeekShare/Music/Queen - Greatest Hits I & II/1-12 Good Old Fashioned Lover Boy.mp3
Queen - Greatest Hits I & II,1-16 We Will Rock You.mp3,/home/tushar/Documents/SoulSeek/SeekShare/Music/Queen - Greatest Hits I & II/1-16 We Will Rock You.mp3
Queen - Greatest Hits I & II,1-11 Now I'm Here.mp3,/home/tushar/Documents/SoulSeek/SeekShare/Music/Queen - Greatest Hits I & II/1-11 Now I'm Here.mp3
Queen - Greatest Hits I & II,INCOMPLETE~2-08 Breakthru.mp3,/home/tushar/Documents/SoulSeek/SeekShare/Music/Queen - Greatest Hits I & II/INCOMPLETE~2-08 Breakthru.mp3
Queen - Greatest Hits I & II,1-05 Bicycle Race.mp3,/home/tushar/Documents/SoulSeek/SeekShare/Music/Queen - Greatest Hits I & II/1-05 Bicycle Race.mp3
Queen - Greatest Hits I & II,2-04 I Want It All (Single Version).mp3,/home/tushar/Documents/SoulSeek/SeekShare/Music/Queen - Greatest Hits I & II/2-04 I Want It All (Single Version).mp3
Queen - Greatest Hits I & II,2-02 Under Pressure (Feat. David Bowie).mp3,/home/tushar/Documents/SoulSeek/SeekShare/Music/Queen - Greatest Hits I & II/2-02 Under Pressure (Feat. David Bowie).mp3
Queen - Greatest Hits I & II,1-10 Somebody To Love.mp3,/home/tushar/Documents/SoulSeek/SeekShare/Music/Queen - Greatest Hits I & II/1-10 Somebody To Love.mp3
Queen - Greatest Hits I & II,1-07 Don't Stop Me Now.mp3,/home/tushar/Documents/SoulSeek/SeekShare/Music/Queen - Greatest Hits I & II/1-07 Don't Stop Me Now.mp3
Queen - Greatest Hits I & II,2-05 I Want To Break Free (Single Version).mp3,/home/tushar/Documents/SoulSeek/SeekShare/Music/Queen - Greatest Hits I & II/2-05 I Want To Break Free (Single Version).mp3
Queen - Greatest Hits I & II,1-08 Save Me.mp3,/home/tushar/Documents/SoulSeek/SeekShare/Music/Queen - Greatest Hits I & II/1-08 Save Me.mp3
Queen - Greatest Hits I & II,2-07 It's A Hard Life.mp3,/home/tushar/Documents/SoulSeek/SeekShare/Music/Queen - Greatest Hits I & II/2-07 It's A Hard Life.mp3
Queen - Greatest Hits I & II,1-03 Killer Queen.mp3,/home/tushar/Documents/SoulSeek/SeekShare/Music/Queen - Greatest Hits I & II/1-03 Killer Queen.mp3
Queen - Greatest Hits I & II,2-03 Radio Ga Ga.mp3,/home/tushar/Documents/SoulSeek/SeekShare/Music/Queen - Greatest Hits I & II/2-03 Radio Ga Ga.mp3
Queen - Greatest Hits I & II,2-01 A Kind Of Magic.mp3,/home/tushar/Documents/SoulSeek/SeekShare/Music/Queen - Greatest Hits I & II/2-01 A Kind Of Magic.mp3
Queen - Greatest Hits I & II,1-04 Fat Bottomed Girls.mp3,/home/tushar/Documents/SoulSeek/SeekShare/Music/Queen - Greatest Hits I & II/1-04 Fat Bottomed Girls.mp3
Queen - Greatest Hits I & II,1-02 Another One Bites The Dust.mp3,/home/tushar/Documents/SoulSeek/SeekShare/Music/Queen - Greatest Hits I & II/1-02 Another One Bites The Dust.mp3
The Neighborhood - Wiped Out!,06 The Neighbourhood - Daddy Issues.flac,/home/tushar/Documents/SoulSeek/SeekShare/Music/The Neighborhood - Wiped Out!/06 The Neighbourhood - Daddy Issues.flac
Metro Boomin - NOT ALL HEROES WEAR CAPES,"No More (feat. Travis Scott, Kodak Black & 21 Savage).flac","/home/tushar/Documents/SoulSeek/SeekShare/Music/Metro Boomin - NOT ALL HEROES WEAR CAPES/No More (feat. Travis Scott, Kodak Black & 21 Savage).flac"
Metro Boomin - NOT ALL HEROES WEAR CAPES,10AM-Save The World (feat. Gucci Mane).flac,/home/tushar/Documents/SoulSeek/SeekShare/Music/Metro Boomin - NOT ALL HEROES WEAR CAPES/10AM-Save The World (feat. Gucci Mane).flac
Metro Boomin - NOT ALL HEROES WEAR CAPES,"Only You (feat. Wizkid, Offset & J Balvin).flac","/home/tushar/Documents/SoulSeek/SeekShare/Music/Metro Boomin - NOT ALL HEROES WEAR CAPES/Only You (feat. Wizkid, Offset & J Balvin).flac"
Metro Boomin - NOT ALL HEROES WEAR CAPES,10 Freaky Girls (feat. 21 Savage).flac,/home/tushar/Documents/SoulSeek/SeekShare/Music/Metro Boomin - NOT ALL HEROES WEAR CAPES/10 Freaky Girls (feat. 21 Savage).flac
Metro Boomin - NOT ALL HEROES WEAR CAPES,Lesbian (feat. Gunna & Young Thug).flac,/home/tushar/Documents/SoulSeek/SeekShare/Music/Metro Boomin - NOT ALL HEROES WEAR CAPES/Lesbian (feat. Gunna & Young Thug).flac
Metro Boomin - NOT ALL HEROES WEAR CAPES,Up To Something (feat. Travis Scott & Young Thug).flac,/home/tushar/Documents/SoulSeek/SeekShare/Music/Metro Boomin - NOT ALL HEROES WEAR CAPES/Up To Something (feat. Travis Scott & Young Thug).flac
Metro Boomin - NOT ALL HEROES WEAR CAPES,Overdue (feat. Travis Scott).flac,/home/tushar/Documents/SoulSeek/SeekShare/Music/Metro Boomin - NOT ALL HEROES WEAR CAPES/Overdue (feat. Travis Scott).flac
Metro Boomin - NOT ALL HEROES WEAR CAPES,Dreamcatcher (feat. Swae Lee & Travis Scott).flac,/home/tushar/Documents/SoulSeek/SeekShare/Music/Metro Boomin - NOT ALL HEROES WEAR CAPES/Dreamcatcher (feat. Swae Lee & Travis Scott).flac
Metro Boomin - NOT ALL HEROES WEAR CAPES,Borrowed Love (feat. Swae Lee & Wizkid).flac,/home/tushar/Documents/SoulSeek/SeekShare/Music/Metro Boomin - NOT ALL HEROES WEAR CAPES/Borrowed Love (feat. Swae Lee & Wizkid).flac
Metro Boomin - NOT ALL HEROES WEAR CAPES,Don't Come Out The House (feat. 21 Savage).flac,/home/tushar/Documents/SoulSeek/SeekShare/Music/Metro Boomin - NOT ALL HEROES WEAR CAPES/Don't Come Out The House (feat. 21 Savage).flac
Metro Boomin - NOT ALL HEROES WEAR CAPES,Space Cadet (feat. Gunna).flac,/home/tushar/Documents/SoulSeek/SeekShare/Music/Metro Boomin - NOT ALL HEROES WEAR CAPES/Space Cadet (feat. Gunna).flac
Metro Boomin - NOT ALL HEROES WEAR CAPES,No Complaints (Bonus) (feat. Offset & Drake).flac,/home/tushar/Documents/SoulSeek/SeekShare/Music/Metro Boomin - NOT ALL HEROES WEAR CAPES/No Complaints (Bonus) (feat. Offset & Drake).flac
Metro Boomin - NOT ALL HEROES WEAR CAPES,Only 1 (Interlude) (feat. Travis Scott).flac,/home/tushar/Documents/SoulSeek/SeekShare/Music/Metro Boomin - NOT ALL HEROES WEAR CAPES/Only 1 (Interlude) (feat. Travis Scott).flac
Frank Ocean - Blonde [24],12 Facebook Story.flac,/home/tushar/Documents/SoulSeek/SeekShare/Music/Frank Ocean - Blonde [24]/12 Facebook Story.flac
Frank Ocean - Blonde [24],1 Nikes.flac,/home/tushar/Documents/SoulSeek/SeekShare/Music/Frank Ocean - Blonde [24]/1 Nikes.flac
Frank Ocean - Blonde [24],7 Self Control.flac,/home/tushar/Documents/SoulSeek/SeekShare/Music/Frank Ocean - Blonde [24]/7 Self Control.flac
Frank Ocean - Blonde [24],5 Solo.flac,/home/tushar/Documents/SoulSeek/SeekShare/Music/Frank Ocean - Blonde [24]/5 Solo.flac
Frank Ocean - Blonde [24],15 Seigfried.flac,/home/tushar/Documents/SoulSeek/SeekShare/Music/Frank Ocean - Blonde [24]/15 Seigfried.flac
Frank Ocean - Blonde [24],13 Close to You.flac,/home/tushar/Documents/SoulSeek/SeekShare/Music/Frank Ocean - Blonde [24]/13 Close to You.flac
Frank Ocean - Blonde [24],9 Nights.flac,/home/tushar/Documents/SoulSeek/SeekShare/Music/Frank Ocean - Blonde [24]/9 Nights.flac
Frank Ocean - Blonde [24],14 White Ferrari.flac,/home/tushar/Documents/SoulSeek/SeekShare/Music/Frank Ocean - Blonde [24]/14 White Ferrari.flac
Frank Ocean - Blonde [24],8 Good Guy.flac,/home/tushar/Documents/SoulSeek/SeekShare/Music/Frank Ocean - Blonde [24]/8 Good Guy.flac
Frank Ocean - Blonde [24],16 Godspeed.flac,/home/tushar/Documents/SoulSeek/SeekShare/Music/Frank Ocean - Blonde [24]/16 Godspeed.flac
Frank Ocean - Blonde [24],17 Futura Free.flac,/home/tushar/Documents/SoulSeek/SeekShare/Music/Frank Ocean - Blonde [24]/17 Futura Free.flac
Frank Ocean - Blonde [24],10Solo (Reprise).flac,/home/tushar/Documents/SoulSeek/SeekShare/Music/Frank Ocean - Blonde [24]/10Solo (Reprise).flac
Frank Ocean - Blonde [24],2 Ivy.flac,/home/tushar/Documents/SoulSeek/SeekShare/Music/Frank Ocean - Blonde [24]/2 Ivy.flac
Frank Ocean - Blonde [24],3 Pink + White.flac,/home/tushar/Documents/SoulSeek/SeekShare/Music/Frank Ocean - Blonde [24]/3 Pink + White.flac
Frank Ocean - Blonde [24],4 Be Yourself.flac,/home/tushar/Documents/SoulSeek/SeekShare/Music/Frank Ocean - Blonde [24]/4 Be Yourself.flac
Frank Ocean - Blonde [24],11 Pretty Sweet.flac,/home/tushar/Documents/SoulSeek/SeekShare/Music/Frank Ocean - Blonde [24]/11 Pretty Sweet.flac
Frank Ocean - Blonde [24],6 Skyline To.flac,/home/tushar/Documents/SoulSeek/SeekShare/Music/Frank Ocean - Blonde [24]/6 Skyline To.flac
Kendrick Lamar - DAMN (2017),04 - ELEMENT.flac,/home/tushar/Documents/SoulSeek/SeekShare/Music/Kendrick Lamar - DAMN (2017)/04 - ELEMENT.flac
Kendrick Lamar - DAMN (2017),11 - XXX.flac,/home/tushar/Documents/SoulSeek/SeekShare/Music/Kendrick Lamar - DAMN (2017)/11 - XXX.flac
Kendrick Lamar - DAMN (2017),09 - LUST.flac,/home/tushar/Documents/SoulSeek/SeekShare/Music/Kendrick Lamar - DAMN (2017)/09 - LUST.flac
Kendrick Lamar - DAMN (2017),02 - DNA.flac,/home/tushar/Documents/SoulSeek/SeekShare/Music/Kendrick Lamar - DAMN (2017)/02 - DNA.flac
Kendrick Lamar - DAMN (2017),05 - FEEL.flac,/home/tushar/Documents/SoulSeek/SeekShare/Music/Kendrick Lamar - DAMN (2017)/05 - FEEL.flac
Kendrick Lamar - DAMN (2017),10 - LOVE.flac,/home/tushar/Documents/SoulSeek/SeekShare/Music/Kendrick Lamar - DAMN (2017)/10 - LOVE.flac
Kendrick Lamar - DAMN (2017),07 - PRIDE.flac,/home/tushar/Documents/SoulSeek/SeekShare/Music/Kendrick Lamar - DAMN (2017)/07 - PRIDE.flac
Kendrick Lamar - DAMN (2017),01 - BLOOD.flac,/home/tushar/Documents/SoulSeek/SeekShare/Music/Kendrick Lamar - DAMN (2017)/01 - BLOOD.flac
Kendrick Lamar - DAMN (2017),12 - FEAR.flac,/home/tushar/Documents/SoulSeek/SeekShare/Music/Kendrick Lamar - DAMN (2017)/12 - FEAR.flac
Kendrick Lamar - DAMN (2017),14 - DUCKWORTH.flac,/home/tushar/Documents/SoulSeek/SeekShare/Music/Kendrick Lamar - DAMN (2017)/14 - DUCKWORTH.flac
Kendrick Lamar - DAMN (2017),03 - YAH.flac,/home/tushar/Documents/SoulSeek/SeekShare/Music/Kendrick Lamar - DAMN (2017)/03 - YAH.flac
Kendrick Lamar - DAMN (2017),06 - LOYALTY.flac,/home/tushar/Documents/SoulSeek/SeekShare/Music/Kendrick Lamar - DAMN (2017)/06 - LOYALTY.flac
Kendrick Lamar - DAMN (2017),08 - HUMBLE.flac,/home/tushar/Documents/SoulSeek/SeekShare/Music/Kendrick Lamar - DAMN (2017)/08 - HUMBLE.flac
Kendrick Lamar - DAMN (2017),13 - GOD.flac,/home/tushar/Documents/SoulSeek/SeekShare/Music/Kendrick Lamar - DAMN (2017)/13 - GOD.flac
Eminem - Kamikaze,13 Venom (music from the motion picture).flac,/home/tushar/Documents/SoulSeek/SeekShare/Music/Eminem - Kamikaze/13 Venom (music from the motion picture).flac
Eminem - Kamikaze,11 Nice Guy.flac,/home/tushar/Documents/SoulSeek/SeekShare/Music/Eminem - Kamikaze/11 Nice Guy.flac
Eminem - Kamikaze,09 Kamikaze.flac,/home/tushar/Documents/SoulSeek/SeekShare/Music/Eminem - Kamikaze/09 Kamikaze.flac
Eminem - Kamikaze,08 Not Alike.flac,/home/tushar/Documents/SoulSeek/SeekShare/Music/Eminem - Kamikaze/08 Not Alike.flac
Eminem - Kamikaze,02 Greatest.flac,/home/tushar/Documents/SoulSeek/SeekShare/Music/Eminem - Kamikaze/02 Greatest.flac
Eminem - Kamikaze,04 Paul (skit).flac,/home/tushar/Documents/SoulSeek/SeekShare/Music/Eminem - Kamikaze/04 Paul (skit).flac
Eminem - Kamikaze,01 The Ringer.flac,/home/tushar/Documents/SoulSeek/SeekShare/Music/Eminem - Kamikaze/01 The Ringer.flac
Eminem - Kamikaze,03 Lucky You.flac,/home/tushar/Documents/SoulSeek/SeekShare/Music/Eminem - Kamikaze/03 Lucky You.flac
Eminem - Kamikaze,10 Fall.flac,/home/tushar/Documents/SoulSeek/SeekShare/Music/Eminem - Kamikaze/10 Fall.flac
Eminem - Kamikaze,05 Normal.flac,/home/tushar/Documents/SoulSeek/SeekShare/Music/Eminem - Kamikaze/05 Normal.flac
Eminem - Kamikaze,12 Good Guy.flac,/home/tushar/Documents/SoulSeek/SeekShare/Music/Eminem - Kamikaze/12 Good Guy.flac
Eminem - Kamikaze,07 Stepping Stone.flac,/home/tushar/Documents/SoulSeek/SeekShare/Music/Eminem - Kamikaze/07 Stepping Stone.flac
Eminem - Kamikaze,06 Em Calls Paul (skit).flac,/home/tushar/Documents/SoulSeek/SeekShare/Music/Eminem - Kamikaze/06 Em Calls Paul (skit).flac
Tron  Legacy OST (Special Edition) (2010),03 - The Son of Flynn.flac,/home/tushar/Documents/SoulSeek/SeekShare/Music/Tron  Legacy OST (Special Edition) (2010)/03 - The Son of Flynn.flac
Tron  Legacy OST (Special Edition) (2010),01 - Overture.flac,/home/tushar/Documents/SoulSeek/SeekShare/Music/Tron  Legacy OST (Special Edition) (2010)/01 - Overture.flac
Tron  Legacy OST (Special Edition) (2010),05 - Armory.flac,/home/tushar/Documents/SoulSeek/SeekShare/Music/Tron  Legacy OST (Special Edition) (2010)/05 - Armory.flac
Tron  Legacy OST (Special Edition) (2010),04 - Recognizer.flac,/home/tushar/Documents/SoulSeek/SeekShare/Music/Tron  Legacy OST (Special Edition) (2010)/04 - Recognizer.flac
Tron  Legacy OST (Special Edition) (2010),02 - The Grid.flac,/home/tushar/Documents/SoulSeek/SeekShare/Music/Tron  Legacy OST (Special Edition) (2010)/02 - The Grid.flac
Baby Keem - The Melodic Blue,"10 - Baby Keem, Kendrick Lamar - family ties(Explicit).flac","/home/tushar/Documents/SoulSeek/SeekShare/Music/Baby Keem - The Melodic Blue/10 - Baby Keem, Kendrick Lamar - family ties(Explicit).flac"
"Yasuha - Golden Best (2006, Universal-Japan)",08 - Namida no Broken Heart.flac,"/home/tushar/Documents/SoulSeek/SeekShare/Music/Yasuha - Golden Best (2006, Universal-Japan)/08 - Namida no Broken Heart.flac"
"Yasuha - Golden Best (2006, Universal-Japan)",17 - Sincerely Yours.flac,"/home/tushar/Documents/SoulSeek/SeekShare/Music/Yasuha - Golden Best (2006, Universal-Japan)/17 - Sincerely Yours.flac"
"Yasuha - Golden Best (2006, Universal-Japan)",02 - Morning Date.flac,"/home/tushar/Documents/SoulSeek/SeekShare/Music/Yasuha - Golden Best (2006, Universal-Japan)/02 - Morning Date.flac"
"Yasuha - Golden Best (2006, Universal-Japan)","16 - Yes, It's My Heart.flac","/home/tushar/Documents/SoulSeek/SeekShare/Music/Yasuha - Golden Best (2006, Universal-Japan)/16 - Yes, It's My Heart.flac"
"Yasuha - Golden Best (2006, Universal-Japan)",06 - Thinking of You.flac,"/home/tushar/Documents/SoulSeek/SeekShare/Music/Yasuha - Golden Best (2006, Universal-Japan)/06 - Thinking of You.flac"
"Yasuha - Golden Best (2006, Universal-Japan)",05 - Mizuiro no One-Piece.flac,"/home/tushar/Documents/SoulSeek/SeekShare/Music/Yasuha - Golden Best (2006, Universal-Japan)/05 - Mizuiro no One-Piece.flac"
"Yasuha - Golden Best (2006, Universal-Japan)",10 - Hot Town.flac,"/home/tushar/Documents/SoulSeek/SeekShare/Music/Yasuha - Golden Best (2006, Universal-Japan)/10 - Hot Town.flac"
"Yasuha - Golden Best (2006, Universal-Japan)",04 - Totsuzen Happening.flac,"/home/tushar/Documents/SoulSeek/SeekShare/Music/Yasuha - Golden Best (2006, Universal-Japan)/04 - Totsuzen Happening.flac"
"Yasuha - Golden Best (2006, Universal-Japan)",09 - Cool Town.flac,"/home/tushar/Documents/SoulSeek/SeekShare/Music/Yasuha - Golden Best (2006, Universal-Japan)/09 - Cool Town.flac"
"Yasuha - Golden Best (2006, Universal-Japan)",03 - Bluenight Blue.flac,"/home/tushar/Documents/SoulSeek/SeekShare/Music/Yasuha - Golden Best (2006, Universal-Japan)/03 - Bluenight Blue.flac"
"Yasuha - Golden Best (2006, Universal-Japan)",01 - Fly-Day Chinatown.flac,"/home/tushar/Documents/SoulSeek/SeekShare/Music/Yasuha - Golden Best (2006, Universal-Japan)/01 - Fly-Day Chinatown.flac"
"Yasuha - Golden Best (2006, Universal-Japan)",13 - Shitamachi Swing.flac,"/home/tushar/Documents/SoulSeek/SeekShare/Music/Yasuha - Golden Best (2006, Universal-Japan)/13 - Shitamachi Swing.flac"
"Yasuha - Golden Best (2006, Universal-Japan)",15 - Natsu no Relief.flac,"/home/tushar/Documents/SoulSeek/SeekShare/Music/Yasuha - Golden Best (2006, Universal-Japan)/15 - Natsu no Relief.flac"
"Yasuha - Golden Best (2006, Universal-Japan)",07 - Paul Porry Polor.flac,"/home/tushar/Documents/SoulSeek/SeekShare/Music/Yasuha - Golden Best (2006, Universal-Japan)/07 - Paul Porry Polor.flac"
"Yasuha - Golden Best (2006, Universal-Japan)","11 - Natsu no Koi, Jealousy.flac","/home/tushar/Documents/SoulSeek/SeekShare/Music/Yasuha - Golden Best (2006, Universal-Japan)/11 - Natsu no Koi, Jealousy.flac"
"Yasuha - Golden Best (2006, Universal-Japan)",12 - Natsu no Episode.flac,"/home/tushar/Documents/SoulSeek/SeekShare/Music/Yasuha - Golden Best (2006, Universal-Japan)/12 - Natsu no Episode.flac"
"Yasuha - Golden Best (2006, Universal-Japan)",14 - Short Story (Tanpen Shousetsu).flac,"/home/tushar/Documents/SoulSeek/SeekShare/Music/Yasuha - Golden Best (2006, Universal-Japan)/14 - Short Story (Tanpen Shousetsu).flac"
Daft Punk - Random Access Memories (2013),04 - Within.flac,/home/tushar/Documents/SoulSeek/SeekShare/Music/Daft Punk - Random Access Memories (2013)/04 - Within.flac
Daft Punk - Random Access Memories (2013),13 - Contact.flac,/home/tushar/Documents/SoulSeek/SeekShare/Music/Daft Punk - Random Access Memories (2013)/13 - Contact.flac
Daft Punk - Random Access Memories (2013),11 - Fragments of Time.flac,/home/tushar/Documents/SoulSeek/SeekShare/Music/Daft Punk - Random Access Memories (2013)/11 - Fragments of Time.flac
Daft Punk - Random Access Memories (2013),03 - Giorgio by Moroder.flac,/home/tushar/Documents/SoulSeek/SeekShare/Music/Daft Punk - Random Access Memories (2013)/03 - Giorgio by Moroder.flac
Daft Punk - Random Access Memories (2013),08 - Get Lucky.flac,/home/tushar/Documents/SoulSeek/SeekShare/Music/Daft Punk - Random Access Memories (2013)/08 - Get Lucky.flac
Daft Punk - Random Access Memories (2013),07 - Touch.flac,/home/tushar/Documents/SoulSeek/SeekShare/Music/Daft Punk - Random Access Memories (2013)/07 - Touch.flac
Daft Punk - Random Access Memories (2013),02 - The Game of Love.flac,/home/tushar/Documents/SoulSeek/SeekShare/Music/Daft Punk - Random Access Memories (2013)/02 - The Game of Love.flac
Daft Punk - Random Access Memories (2013),12 - Doinâ€™ It Right.flac,/home/tushar/Documents/SoulSeek/SeekShare/Music/Daft Punk - Random Access Memories (2013)/12 - Doinâ€™ It Right.flac
Daft Punk - Random Access Memories (2013),01 - Give Life Back to Music.flac,/home/tushar/Documents/SoulSeek/SeekShare/Music/Daft Punk - Random Access Memories (2013)/01 - Give Life Back to Music.flac
Daft Punk - Random Access Memories (2013),09 - Beyond.flac,/home/tushar/Documents/SoulSeek/SeekShare/Music/Daft Punk - Random Access Memories (2013)/09 - Beyond.flac
Daft Punk - Random Access Memories (2013),10 - Motherboard.flac,/home/tushar/Documents/SoulSeek/SeekShare/Music/Daft Punk - Random Access Memories (2013)/10 - Motherboard.flac
Daft Punk - Random Access Memories (2013),06 - Lose Yourself to Dance.flac,/home/tushar/Documents/SoulSeek/SeekShare/Music/Daft Punk - Random Access Memories (2013)/06 - Lose Yourself to Dance.flac
Daft Punk - Random Access Memories (2013),05 - Instant Crush.flac,/home/tushar/Documents/SoulSeek/SeekShare/Music/Daft Punk - Random Access Memories (2013)/05 - Instant Crush.flac
MGMT - Little Dark Age (2018),10 - Hand It Over.flac,/home/tushar/Documents/SoulSeek/SeekShare/Music/MGMT - Little Dark Age (2018)/10 - Hand It Over.flac
MGMT - Little Dark Age (2018),04 - Me And Michael.flac,/home/tushar/Documents/SoulSeek/SeekShare/Music/MGMT - Little Dark Age (2018)/04 - Me And Michael.flac
MGMT - Little Dark Age (2018),02 - Little Dark Age.flac,/home/tushar/Documents/SoulSeek/SeekShare/Music/MGMT - Little Dark Age (2018)/02 - Little Dark Age.flac
MGMT - Little Dark Age (2018),01 - She Works Out Too Much.flac,/home/tushar/Documents/SoulSeek/SeekShare/Music/MGMT - Little Dark Age (2018)/01 - She Works Out Too Much.flac
MGMT - Little Dark Age (2018),05 - TSLAMP.flac,/home/tushar/Documents/SoulSeek/SeekShare/Music/MGMT - Little Dark Age (2018)/05 - TSLAMP.flac
MGMT - Little Dark Age (2018),08 - One Thing Left To Try.flac,/home/tushar/Documents/SoulSeek/SeekShare/Music/MGMT - Little Dark Age (2018)/08 - One Thing Left To Try.flac
MGMT - Little Dark Age (2018),09 - When You're Small.flac,/home/tushar/Documents/SoulSeek/SeekShare/Music/MGMT - Little Dark Age (2018)/09 - When You're Small.flac
MGMT - Little Dark Age (2018),07 - Days That Got Away.flac,/home/tushar/Documents/SoulSeek/SeekShare/Music/MGMT - Little Dark Age (2018)/07 - Days That Got Away.flac
MGMT - Little Dark Age (2018),03 - When You Die.flac,/home/tushar/Documents/SoulSeek/SeekShare/Music/MGMT - Little Dark Age (2018)/03 - When You Die.flac
MGMT - Little Dark Age (2018),06 - James.flac,/home/tushar/Documents/SoulSeek/SeekShare/Music/MGMT - Little Dark Age (2018)/06 - James.flac
The Neighborhood - I Love You,04 - Sweater Weather.flac,/home/tushar/Documents/SoulSeek/SeekShare/Music/The Neighborhood - I Love You/04 - Sweater Weather.flac
METRO BOOMIN PRESENTS SPIDER-MAN ACROSS THE SPIDER-VERSE (SOUNDTRACK FROM AND INSPIRED BY THE MOTION PICTURE),"11 - Nonviolent Communication (with James Blake, ASAP Rocky, and 21 Savage).flac","/home/tushar/Documents/SoulSeek/SeekShare/Music/METRO BOOMIN PRESENTS SPIDER-MAN ACROSS THE SPIDER-VERSE (SOUNDTRACK FROM AND INSPIRED BY THE MOTION PICTURE)/11 - Nonviolent Communication (with James Blake, ASAP Rocky, and 21 Savage).flac"
METRO BOOMIN PRESENTS SPIDER-MAN ACROSS THE SPIDER-VERSE (SOUNDTRACK FROM AND INSPIRED BY THE MOTION PICTURE),04 - Danger (Spider) (performed by Offset and JID).flac,/home/tushar/Documents/SoulSeek/SeekShare/Music/METRO BOOMIN PRESENTS SPIDER-MAN ACROSS THE SPIDER-VERSE (SOUNDTRACK FROM AND INSPIRED BY THE MOTION PICTURE)/04 - Danger (Spider) (performed by Offset and JID).flac
METRO BOOMIN PRESENTS SPIDER-MAN ACROSS THE SPIDER-VERSE (SOUNDTRACK FROM AND INSPIRED BY THE MOTION PICTURE),07 - Silk & Cologne (performed by Ei8ht and Offset).flac,/home/tushar/Documents/SoulSeek/SeekShare/Music/METRO BOOMIN PRESENTS SPIDER-MAN ACROSS THE SPIDER-VERSE (SOUNDTRACK FROM AND INSPIRED BY THE MOTION PICTURE)/07 - Silk & Cologne (performed by Ei8ht and Offset).flac
METRO BOOMIN PRESENTS SPIDER-MAN ACROSS THE SPIDER-VERSE (SOUNDTRACK FROM AND INSPIRED BY THE MOTION PICTURE),03 - All the Way Live (with Future and Lil Uzi Vert).flac,/home/tushar/Documents/SoulSeek/SeekShare/Music/METRO BOOMIN PRESENTS SPIDER-MAN ACROSS THE SPIDER-VERSE (SOUNDTRACK FROM AND INSPIRED BY THE MOTION PICTURE)/03 - All the Way Live (with Future and Lil Uzi Vert).flac
METRO BOOMIN PRESENTS SPIDER-MAN ACROSS THE SPIDER-VERSE (SOUNDTRACK FROM AND INSPIRED BY THE MOTION PICTURE),"01 - Annihilate (with Swae Lee, Lil Wayne, and Offset).flac","/home/tushar/Documents/SoulSeek/SeekShare/Music/METRO BOOMIN PRESENTS SPIDER-MAN ACROSS THE SPIDER-VERSE (SOUNDTRACK FROM AND INSPIRED BY THE MOTION PICTURE)/01 - Annihilate (with Swae Lee, Lil Wayne, and Offset).flac"
METRO BOOMIN PRESENTS SPIDER-MAN ACROSS THE SPIDER-VERSE (SOUNDTRACK FROM AND INSPIRED BY THE MOTION PICTURE),06 - Calling (with Swae Lee and Nav featuring A Boogie wit da Hoodie).flac,/home/tushar/Documents/SoulSeek/SeekShare/Music/METRO BOOMIN PRESENTS SPIDER-MAN ACROSS THE SPIDER-VERSE (SOUNDTRACK FROM AND INSPIRED BY THE MOTION PICTURE)/06 - Calling (with Swae Lee and Nav featuring A Boogie wit da Hoodie).flac
METRO BOOMIN PRESENTS SPIDER-MAN ACROSS THE SPIDER-VERSE (SOUNDTRACK FROM AND INSPIRED BY THE MOTION PICTURE),13 - Nas Morales (with Nas).flac,/home/tushar/Documents/SoulSeek/SeekShare/Music/METRO BOOMIN PRESENTS SPIDER-MAN ACROSS THE SPIDER-VERSE (SOUNDTRACK FROM AND INSPIRED BY THE MOTION PICTURE)/13 - Nas Morales (with Nas).flac
METRO BOOMIN PRESENTS SPIDER-MAN ACROSS THE SPIDER-VERSE (SOUNDTRACK FROM AND INSPIRED BY THE MOTION PICTURE),10 - Home (with Don Toliver and Lil Uzi Vert).flac,/home/tushar/Documents/SoulSeek/SeekShare/Music/METRO BOOMIN PRESENTS SPIDER-MAN ACROSS THE SPIDER-VERSE (SOUNDTRACK FROM AND INSPIRED BY THE MOTION PICTURE)/10 - Home (with Don Toliver and Lil Uzi Vert).flac
METRO BOOMIN PRESENTS SPIDER-MAN ACROSS THE SPIDER-VERSE (SOUNDTRACK FROM AND INSPIRED BY THE MOTION PICTURE),05 - Hummingbird (with James Blake).flac,/home/tushar/Documents/SoulSeek/SeekShare/Music/METRO BOOMIN PRESENTS SPIDER-MAN ACROSS THE SPIDER-VERSE (SOUNDTRACK FROM AND INSPIRED BY THE MOTION PICTURE)/05 - Hummingbird (with James Blake).flac
METRO BOOMIN PRESENTS SPIDER-MAN ACROSS THE SPIDER-VERSE (SOUNDTRACK FROM AND INSPIRED BY THE MOTION PICTURE),09 - Self Love (with Coi Leray).flac,/home/tushar/Documents/SoulSeek/SeekShare/Music/METRO BOOMIN PRESENTS SPIDER-MAN ACROSS THE SPIDER-VERSE (SOUNDTRACK FROM AND INSPIRED BY THE MOTION PICTURE)/09 - Self Love (with Coi Leray).flac
METRO BOOMIN PRESENTS SPIDER-MAN ACROSS THE SPIDER-VERSE (SOUNDTRACK FROM AND INSPIRED BY THE MOTION PICTURE),02 - Am I Dreaming (with ASAP Rocky and Roisee).flac,/home/tushar/Documents/SoulSeek/SeekShare/Music/METRO BOOMIN PRESENTS SPIDER-MAN ACROSS THE SPIDER-VERSE (SOUNDTRACK FROM AND INSPIRED BY THE MOTION PICTURE)/02 - Am I Dreaming (with ASAP Rocky and Roisee).flac
METRO BOOMIN PRESENTS SPIDER-MAN ACROSS THE SPIDER-VERSE (SOUNDTRACK FROM AND INSPIRED BY THE MOTION PICTURE),08 - Link Up (with Don Toliver and Wizkid featuring Beam and Toian).flac,/home/tushar/Documents/SoulSeek/SeekShare/Music/METRO BOOMIN PRESENTS SPIDER-MAN ACROSS THE SPIDER-VERSE (SOUNDTRACK FROM AND INSPIRED BY THE MOTION PICTURE)/08 - Link Up (with Don Toliver and Wizkid featuring Beam and Toian).flac
METRO BOOMIN PRESENTS SPIDER-MAN ACROSS THE SPIDER-VERSE (SOUNDTRACK FROM AND INSPIRED BY THE MOTION PICTURE),"12 - Givin' Up (Not the One) (performed by Don Toliver, 21 Savage, and 2 Chainz).flac","/home/tushar/Documents/SoulSeek/SeekShare/Music/METRO BOOMIN PRESENTS SPIDER-MAN ACROSS THE SPIDER-VERSE (SOUNDTRACK FROM AND INSPIRED BY THE MOTION PICTURE)/12 - Givin' Up (Not the One) (performed by Don Toliver, 21 Savage, and 2 Chainz).flac"
Imagine Dragons,Imagine Dragons - Bones.flac,/home/tushar/Documents/SoulSeek/SeekShare/Music/Imagine Dragons/Imagine Dragons - Bones.flac
Imagine Dragons,Imagine Dragons - Demons.mp3,/home/tushar/Documents/SoulSeek/SeekShare/Music/Imagine Dragons/Imagine Dragons - Demons.mp3
Imagine Dragons,Imagine Dragons - Radioactive.mp3,/home/tushar/Documents/SoulSeek/SeekShare/Music/Imagine Dragons/Imagine Dragons - Radioactive.mp3
